il_kod,il_ad,ilce_kod,ilce_ad,merkez_ilce_mi,yuzolcum
1,Adana,1734,Yumurtalýk,false,439,82
1,Adana,1588,Saimbeyli,false,925,64
1,Adana,1104,Seyhan,true,3843
1,Adana,1748,Yüreðir,true,934,79
1,Adana,1443,Karataþ,false,654,57
1,Adana,1219,Ceyhan,false,1439,64
1,Adana,2032,Sarýçam,true,813,87
1,Adana,2033,Çukurova,true,262,48
1,Adana,1580,Pozantý,false,774,71
1,Adana,1757,Aladað,false,1222,91
1,Adana,1806,Ýmamoðlu,false,450,24
1,Adana,1486,Kozan,true,1894,39
1,Adana,1437,Karaisalý,false,1241,96
1,Adana,1329,Feke,false,1259,96
1,Adana,1687,Tufanbeyli,false,925,33
2,Adýyaman,1246,Çelikhan,false,451,66
2,Adýyaman,1592,Samsat,false,341,47
2,Adýyaman,1347,Gerger,false,710,97
2,Adýyaman,1354,Gölbaþý,false,871,61
2,Adýyaman,1182,Besni,false,1270,29
2,Adýyaman,1989,Tut,false,249,79
2,Adýyaman,1425,Kahta,false,1257,95
2,Adýyaman,1105,Merkez,true,1836,83
2,Adýyaman,1985,Sincik,false,518,12
3,Afyonkarahisar,1200,Bolvadin,false,919,46
3,Afyonkarahisar,1306,Emirdað,false,2051,6
3,Afyonkarahisar,1773,Bayat,true,406,19
3,Afyonkarahisar,1108,Merkez,false,1288,18
3,Afyonkarahisar,1809,Ýscehisar,false,436,45
3,Afyonkarahisar,1594,Sandýklý,false,13062
3,Afyonkarahisar,1771,Baþmakçý,true,389,3
3,Afyonkarahisar,1239,Çay,false,847,26
3,Afyonkarahisar,1906,Çobanlar,false,190,86
3,Afyonkarahisar,1923,Evciler,false,221,47
3,Afyonkarahisar,1639,Sultandaðý,false,862,52
3,Afyonkarahisar,1267,Dazkýrý,false,408,38
3,Afyonkarahisar,1961,Kýzýlören,false,121,99
3,Afyonkarahisar,1944,Hocalar,false,438,78
3,Afyonkarahisar,1664,Þuhut,false,1042,73
3,Afyonkarahisar,1281,Dinar,false,1214,76
3,Afyonkarahisar,1626,Sinanpaþa,false,811,56
3,Afyonkarahisar,1404,Ýhsaniye,false,8291
4,Aðrý,1568,Patnos,false,1527,25
4,Aðrý,1287,Doðubayazýt,false,2203,45
4,Aðrý,1667,Taþlýçay,false,790,67
4,Aðrý,1379,Hamur,false,862,96
4,Aðrý,1301,Eleþkirt,false,1255,9
4,Aðrý,1283,Diyadin,false,1494,69
4,Aðrý,1691,Tutak,false,1392,22
4,Aðrý,1111,Merkez,true,1734,75
5,Amasya,1368,Gümüþhacýköy,false,6651
5,Amasya,1363,Göynücek,false,574,73
5,Amasya,1938,Hamamözü,false,182,83
5,Amasya,1524,Merzifon,false,920,61
5,Amasya,1641,Suluova,false,451,1
5,Amasya,1134,Merkez,true,1874,55
5,Amasya,1668,Taþova,false,997,68
6,Ankara,1231,Çankaya,true,451,98
6,Ankara,1365,Güdül,false,627,53
6,Ankara,1745,Keçiören,true,153,62
6,Ankara,1427,Kalecik,false,1095,85
6,Ankara,1723,Yenimahalle,true,232,42
6,Ankara,1130,Altýndað,true,158,85
6,Ankara,1924,Evren,false,218,76
6,Ankara,1872,Akyurt,false,360,81
6,Ankara,1167,Bala,false,1878,99
6,Ankara,1227,Çamlýdere,false,753,68
6,Ankara,1157,Ayaþ,false,1009,22
6,Ankara,1578,Polatlý,false,3515,34
6,Ankara,1746,Mamak,true,343,7
6,Ankara,1187,Beypazarý,false,1780,16
6,Ankara,1260,Çubuk,false,1142,18
6,Ankara,1747,Sincan,true,8585
6,Ankara,1473,Kýzýlcahamam,false,1625,19
6,Ankara,2034,Pursaklar,false,133,1
6,Ankara,1922,Etimesgut,true,289,64
6,Ankara,1302,Elmadað,false,631,74
6,Ankara,1815,Kahramankazan,false,611,38
6,Ankara,1539,Nallýhan,false,2034,32
6,Ankara,1658,Þereflikoçhisar,false,2057,98
6,Ankara,1387,Haymana,false,2201,86
6,Ankara,1744,Gölbaþý,true,1496,65
7,Antalya,1483,Korkuteli,false,2530,28
7,Antalya,1303,Elmalý,false,1698,86
7,Antalya,2036,Döþemealtý,false,6961
7,Antalya,2035,Aksu,true,429,45
7,Antalya,1946,Ýbradý,false,507,17
7,Antalya,1337,Gazipaþa,false,1088,62
7,Antalya,1616,Serik,false,1203,44
7,Antalya,2039,Muratpaþa,true,88,98
7,Antalya,1126,Alanya,false,1948,96
7,Antalya,1492,Kumluca,false,1079,43
7,Antalya,1512,Manavgat,false,2406,73
7,Antalya,1959,Kemer,false,4617
7,Antalya,2037,Kepez,false,333,68
7,Antalya,1370,Gündoðmuþ,false,10201
7,Antalya,1121,Akseki,false,1758,98
7,Antalya,1811,Demre,false,377,37
7,Antalya,1333,Finike,false,7177
7,Antalya,1451,Kaþ,false,17043
7,Antalya,2038,Konyaaltý,true,517,45
8,Artvin,1395,Hopa,false,109,32
8,Artvin,1736,Yusufeli,false,2290,69
8,Artvin,1202,Borçka,false,873,55
8,Artvin,1147,Arhavi,false,3199
8,Artvin,1145,Ardanuç,false,795,19
8,Artvin,1828,Murgul,false,346,12
8,Artvin,1653,Þavþat,false,1229,75
8,Artvin,1152,Merkez,true,1155,65
8,Artvin,2105,Kemalpaþa,false,73,87
9,Aydýn,2076,Efeler,false,6081
9,Aydýn,1206,Bozdoðan,false,807,96
9,Aydýn,1957,Karpuzlu,false,301,78
9,Aydýn,1256,Çine,false,870,64
9,Aydýn,1724,Yenipazar,false,238,6
9,Aydýn,1497,Kuþadasý,false,290,34
9,Aydýn,1348,Germencik,false,374,31
9,Aydýn,1542,Nazilli,false,691,26
9,Aydýn,2000,Didim,false,3817
9,Aydýn,1637,Söke,false,1034,38
9,Aydýn,1781,Buharkent,false,123,16
9,Aydýn,1498,Kuyucak,false,539,32
9,Aydýn,1968,Köþk,false,187,55
9,Aydýn,1640,Sultanhisar,false,226,4
9,Aydýn,1479,Koçarlý,false,499,76
9,Aydýn,1807,Ýncirliova,false,188,41
9,Aydýn,1435,Karacasu,false,737,73
10,Balýkesir,1310,Erdek,false,315,47
10,Balýkesir,2077,Altýeylül,false,909,69
10,Balýkesir,1171,Bandýrma,false,665,29
10,Balýkesir,2078,Karesi,false,734,82
10,Balýkesir,1462,Kepsut,false,864,15
10,Balýkesir,1216,Burhaniye,false,427,83
10,Balýkesir,1191,Bigadiç,false,1050,13
10,Balýkesir,1418,Ývrindi,false,840,22
10,Balýkesir,1294,Edremit,false,593
10,Balýkesir,1360,Gönen,false,1187,74
10,Balýkesir,1824,Marmara,false,138,11
10,Balýkesir,1644,Susurluk,false,600,56
10,Balýkesir,1169,Balya,false,804,13
10,Balýkesir,1384,Havran,false,515,25
10,Balýkesir,1928,Gömeç,false,1575
10,Balýkesir,1161,Ayvalýk,false,3148
10,Balýkesir,1608,Savaþtepe,false,422,82
10,Balýkesir,1619,Sýndýrgý,false,1320,9
10,Balýkesir,1514,Manyas,false,711,55
10,Balýkesir,1291,Dursunbey,false,1744,64
11,Bilecik,1636,Söðüt,false,511,48
11,Bilecik,1192,Merkez,false,781,63
11,Bilecik,1571,Pazaryeri,false,363,88
11,Bilecik,1857,Yenipazar,false,299,7
11,Bilecik,1948,Ýnhisar,false,283,79
11,Bilecik,1359,Gölpazarý,false,647,54
11,Bilecik,1559,Osmaneli,false,519,73
11,Bilecik,1210,Bozüyük,false,822,34
12,Bingöl,1633,Solhan,false,990,55
12,Bingöl,1193,Merkez,false,1776,87
12,Bingöl,1446,Karlýova,false,1574,28
12,Bingöl,1996,Yedisu,false,442,33
12,Bingöl,1344,Genç,false,1492,47
12,Bingöl,1855,Yayladere,false,403,16
12,Bingöl,1475,Kiðý,false,538,53
12,Bingöl,1750,Adaklý,false,832,52
13,Bitlis,1537,Mutki,false,1131,91
13,Bitlis,1394,Hizan,false,1098,94
13,Bitlis,1112,Ahlat,false,1142,6
13,Bitlis,1106,Adilcevaz,false,1629,7
13,Bitlis,1669,Tatvan,false,1756,98
13,Bitlis,1798,Güroymak,false,561,25
13,Bitlis,1196,Merkez,false,1010,89
14,Bolu,1610,Seben,false,800
14,Bolu,1346,Gerede,false,1052,45
14,Bolu,1522,Mengen,false,978,62
14,Bolu,1916,Dörtdivan,false,470,63
14,Bolu,1199,Merkez,false,1515,12
14,Bolu,1364,Göynük,false,1366,11
14,Bolu,1531,Mudurnu,false,14099
14,Bolu,1466,Kýbrýscýk,false,517,49
14,Bolu,1997,Yeniçaða,false,155,18
15,Burdur,1215,Merkez,false,1631,98
15,Burdur,1813,Karamanlý,false,352,17
15,Burdur,1903,Çeltikçi,false,170,86
15,Burdur,1874,Altýnyayla,false,2726
15,Burdur,1357,Gölhisar,false,496,29
15,Burdur,1899,Çavdýr,false,462,23
15,Burdur,1109,Aðlasun,false,300,55
15,Burdur,1672,Tefenni,false,581,9
15,Burdur,1816,Kemer,false,351,94
15,Burdur,1211,Bucak,false,1456,83
15,Burdur,1728,Yeþilova,false,1030,68
16,Bursa,1420,Ýznik,false,5619
16,Bursa,1411,Ýnegöl,false,1092,47
16,Bursa,1725,Yeniþehir,false,720,45
16,Bursa,1832,Osmangazi,false,623,91
16,Bursa,1829,Nilüfer,false,506,79
16,Bursa,1935,Gürsu,false,118,63
16,Bursa,1960,Kestel,false,390,72
16,Bursa,1434,Karacabey,false,1242,98
16,Bursa,1799,Harmancýk,false,383,49
16,Bursa,1859,Yýldýrým,false,128,84
16,Bursa,1457,Keles,false,664,99
16,Bursa,1343,Gemlik,false,410,38
16,Bursa,1530,Mudanya,false,376,55
16,Bursa,1553,Orhaneli,false,862,71
16,Bursa,1783,Büyükorhan,false,516,1
16,Bursa,1554,Orhangazi,false,350,32
16,Bursa,1535,Mustafakemalpaþa,false,1567,37
17,Çanakkale,1408,Gökçeada,false,282,5
17,Çanakkale,1230,Merkez,false,1012,22
17,Çanakkale,1722,Yenice,false,1465,1
17,Çanakkale,1326,Ezine,false,731,31
17,Çanakkale,1160,Ayvacýk,false,8997
17,Çanakkale,1190,Biga,false,1353,84
17,Çanakkale,1293,Eceabat,false,415,64
17,Çanakkale,1340,Gelibolu,false,823,92
17,Çanakkale,1503,Lapseki,false,821,34
17,Çanakkale,1180,Bayramiç,false,1196,39
17,Çanakkale,1205,Bozcaada,false,38,32
17,Çanakkale,1229,Çan,false,873,78
18,Çankýrý,1399,Ilgaz,false,843,97
18,Çankýrý,1649,Þabanözü,false,412,62
18,Çankýrý,1718,Yapraklý,false,673,31
18,Çankýrý,1817,Kýzýlýrmak,false,545,5
18,Çankýrý,1765,Atkaracalar,false,238,32
18,Çankýrý,1232,Merkez,false,1444,18
18,Çankýrý,1300,Eldivan,false,416,74
18,Çankýrý,1494,Kurþunlu,false,606,36
18,Çankýrý,1248,Çerkeþ,false,943,25
18,Çankýrý,1963,Korgun,false,400,75
18,Çankýrý,1885,Bayramören,false,313,41
18,Çankýrý,1555,Orta,false,7399
19,Çorum,1972,Laçin,false,169,38
19,Çorum,1177,Bayat,false,753,19
19,Çorum,1124,Alaca,false,1254,26
19,Çorum,1558,Osmancýk,false,1244,68
19,Çorum,1911,Dodurga,false,2367
19,Çorum,1520,Mecitözü,false,736,98
19,Çorum,1850,Uðurludað,false,3703
19,Çorum,1414,Ýskilip,false,1164,84
19,Çorum,1445,Kargý,false,1184,21
19,Çorum,1642,Sungurlu,false,2056,53
19,Çorum,1976,Oðuzlar,false,119,42
19,Çorum,1556,Ortaköy,false,3383
19,Çorum,1778,Boðazkale,false,257,18
19,Çorum,1259,Merkez,false,2562,71
20,Denizli,1257,Çivril,false,1505,66
20,Denizli,1102,Acýpayam,false,1692,11
20,Denizli,1214,Buldan,false,498,93
20,Denizli,1774,Bekilli,false,3055
20,Denizli,1889,Bozkurt,false,419,26
20,Denizli,1803,Honaz,false,481,49
20,Denizli,1597,Sarayköy,false,3438
20,Denizli,1881,Baklan,false,242,6
20,Denizli,1840,Serinhisar,false,219,74
20,Denizli,1769,Babadað,false,150,23
20,Denizli,1426,Kale,false,701,99
20,Denizli,1226,Çameli,false,668,98
20,Denizli,1871,Pamukkale,true,806,56
20,Denizli,1233,Çardak,false,448,24
20,Denizli,1224,Çal,false,9203
20,Denizli,1888,Beyaðaç,false,401,83
20,Denizli,1371,Güney,false,401,55
20,Denizli,2079,Merkezefendi,true,286,34
20,Denizli,1670,Tavas,false,1599
21,Diyarbakýr,1253,Çýnar,false,1791
21,Diyarbakýr,1315,Ergani,false,1521,45
21,Diyarbakýr,2041,Kayapýnar,false,4881
21,Diyarbakýr,1791,Eðil,false,457,83
21,Diyarbakýr,1490,Kulp,false,1531,95
21,Diyarbakýr,1504,Lice,false,9724
21,Diyarbakýr,2043,Yeniþehir,false,370,28
21,Diyarbakýr,1962,Kocaköy,false,253,72
21,Diyarbakýr,1249,Çermik,false,933,36
21,Diyarbakýr,1389,Hazro,false,424,72
21,Diyarbakýr,1381,Hani,false,432,54
21,Diyarbakýr,1263,Çüngüþ,false,517,16
21,Diyarbakýr,1278,Dicle,false,710,29
21,Diyarbakýr,1195,Bismil,false,1654,38
21,Diyarbakýr,2042,Sur,false,1196,59
21,Diyarbakýr,1624,Silvan,false,1281,15
21,Diyarbakýr,2040,Baðlar,false,554,6
22,Edirne,1385,Havsa,false,560,18
22,Edirne,1705,Uzunköprü,false,1207,73
22,Edirne,1307,Enez,false,477,35
22,Edirne,1502,Lalapaþa,false,562,91
22,Edirne,1988,Süloðlu,false,291,71
22,Edirne,1412,Ýpsala,false,702,25
22,Edirne,1464,Keþan,false,1092,42
22,Edirne,1295,Merkez,false,815,39
22,Edirne,1523,Meriç,false,428,85
23,Elazýð,1631,Sivrice,false,7207
23,Elazýð,1455,Keban,false,609,56
23,Elazýð,1873,Alacakaya,false,344,86
23,Elazýð,1298,Merkez,false,2235,54
23,Elazýð,1566,Palu,false,812,29
23,Elazýð,1173,Baskil,false,1273,81
23,Elazýð,1820,Kovancýlar,false,923,51
23,Elazýð,1506,Maden,false,801,14
23,Elazýð,1762,Arýcak,false,342,77
23,Elazýð,1110,Aðýn,false,2552
23,Elazýð,1438,Karakoçan,false,994,54
24,Erzincan,1977,Otlukbeli,false,271,91
24,Erzincan,1583,Refahiye,false,1686,66
24,Erzincan,1853,Üzümlü,false,587,24
24,Erzincan,1318,Merkez,false,1514,9
24,Erzincan,1675,Tercan,false,16503
24,Erzincan,1459,Kemah,false,2134,9
24,Erzincan,1406,Ýliç,false,1462,84
24,Erzincan,1243,Çayýrlý,false,1082,71
24,Erzincan,1460,Kemaliye,false,1236,52
25,Erzurum,1967,Köprüköy,false,771,44
25,Erzurum,1657,Þenkaya,false,1480,85
25,Erzurum,1567,Pasinler,false,1184,62
25,Erzurum,1235,Çat,false,1416,58
25,Erzurum,1674,Tekman,false,2064,1
25,Erzurum,1416,Ýspir,false,2117,17
25,Erzurum,1851,Uzundere,false,582,77
25,Erzurum,2045,Yakutiye,false,858,34
25,Erzurum,1540,Narman,false,905,23
25,Erzurum,1683,Tortum,false,1424,35
25,Erzurum,1153,Aþkale,false,1538,58
25,Erzurum,1551,Olur,false,904,57
25,Erzurum,1396,Horasan,false,1703,94
25,Erzurum,1812,Karaçoban,false,545,22
25,Erzurum,1550,Oltu,false,1410,82
25,Erzurum,1865,Pazaryolu,false,6415
25,Erzurum,2044,Palandöken,false,640,85
25,Erzurum,1444,Karayazý,false,2010,98
25,Erzurum,1945,Aziziye,false,1454,43
25,Erzurum,1392,Hýnýs,false,1342,29
26,Eskiþehir,2047,Tepebaþý,false,1294,77
26,Eskiþehir,1599,Sarýcakaya,false,424,74
26,Eskiþehir,1939,Han,false,400,27
26,Eskiþehir,1632,Sivrihisar,false,28684
26,Eskiþehir,1934,Günyüzü,false,791,27
26,Eskiþehir,1618,Seyitgazi,false,1620,17
26,Eskiþehir,1777,Beylikova,false,676,94
26,Eskiþehir,1527,Mihalýççýk,false,1771,63
26,Eskiþehir,1759,Alpu,false,1007,65
26,Eskiþehir,1808,Ýnönü,false,3746
26,Eskiþehir,2046,Odunpazarý,false,1188,31
26,Eskiþehir,1508,Mahmudiye,false,595,37
26,Eskiþehir,1255,Çifteler,false,827,45
26,Eskiþehir,1973,Mihalgazi,false,163,98
27,Gaziantep,1549,Oðuzeli,false,711,36
27,Gaziantep,1841,Þahinbey,false,966,4
27,Gaziantep,1956,Karkamýþ,false,2998
27,Gaziantep,1139,Araban,false,523,4
27,Gaziantep,1974,Nurdaðý,false,672,19
27,Gaziantep,1720,Yavuzeli,false,5152
27,Gaziantep,1546,Nizip,false,987,56
27,Gaziantep,1844,Þehitkamil,false,1277,21
27,Gaziantep,1415,Ýslahiye,false,841,8
28,Giresun,1465,Keþap,false,190,88
28,Giresun,1361,Görele,false,239,35
28,Giresun,1654,Þebinkarahisar,false,1338,24
28,Giresun,1320,Espiye,false,433,86
28,Giresun,1352,Merkez,false,372,79
28,Giresun,1837,Piraziz,false,130,74
28,Giresun,1133,Alucra,false,1023,9
28,Giresun,1854,Yaðlýdere,false,402,18
28,Giresun,1324,Eynesil,false,54,47
28,Giresun,1894,Çanakçý,false,135,94
28,Giresun,1912,Doðankent,false,186,2
28,Giresun,1930,Güce,false,215,32
28,Giresun,1678,Tirebolu,false,255,49
28,Giresun,1272,Dereli,false,843,16
28,Giresun,1212,Bulancak,false,720,75
28,Giresun,1893,Çamoluk,false,458,21
29,Gümüþhane,1822,Köse,false,388,31
29,Gümüþhane,1660,Þiran,false,907,47
29,Gümüþhane,1458,Kelkit,false,1595,27
29,Gümüþhane,1369,Merkez,false,18763
29,Gümüþhane,1684,Torul,false,1067,39
29,Gümüþhane,1971,Kürtün,false,776,53
30,Hakkari,1377,Merkez,false,2245
30,Hakkari,1737,Yüksekova,false,25112
30,Hakkari,2107,Derecik,false,419,47
30,Hakkari,1261,Çukurca,false,711,56
30,Hakkari,1656,Þemdinli,false,1280,6
31,Hatay,1721,Yayladaðý,false,462,82
31,Hatay,1382,Hassa,false,621,11
31,Hatay,2083,Payas,false,107,16
31,Hatay,1591,Samandað,false,347,78
31,Hatay,2082,Defne,false,140,42
31,Hatay,1289,Dörtyol,false,339,51
31,Hatay,1468,Kýrýkhan,false,668,39
31,Hatay,1792,Erzin,false,292,96
31,Hatay,2081,Arsuz,false,529,87
31,Hatay,1887,Belen,false,267,45
31,Hatay,1970,Kumlu,false,175,28
31,Hatay,1131,Altýnözü,false,416,45
31,Hatay,1585,Reyhanlý,false,369,29
31,Hatay,1413,Ýskenderun,false,251
31,Hatay,2080,Antakya,false,582,76
32,Isparta,1648,Sütçüler,false,1149,44
32,Isparta,1615,Senirkent,false,4939
32,Isparta,2001,Yeniþarbademli,false,222,66
32,Isparta,1154,Atabey,false,2387
32,Isparta,1341,Gelendost,false,575,7
32,Isparta,1297,Eðirdir,false,1447,25
32,Isparta,1717,Yalvaç,false,1421,8
32,Isparta,1699,Uluborlu,false,258,37
32,Isparta,1456,Keçiborlu,false,419,87
32,Isparta,1929,Gönen,false,339,18
32,Isparta,1651,Þarkikaraaðaç,false,916,57
32,Isparta,1755,Aksu,false,451,34
32,Isparta,1401,Merkez,false,781,7
33,Mersin,1621,Silifke,false,2701,25
33,Mersin,2065,Mezitli,false,420,46
33,Mersin,1779,Bozyazý,false,670,48
33,Mersin,2066,Toroslar,false,1262,66
33,Mersin,1766,Aydýncýk,false,380,75
33,Mersin,2064,Akdeniz,false,287,86
33,Mersin,1536,Mut,false,2765,37
33,Mersin,1311,Erdemli,false,1799,74
33,Mersin,1366,Gülnar,false,1455,32
33,Mersin,1892,Çamlýyayla,false,689,81
33,Mersin,2067,Yeniþehir,false,134,9
33,Mersin,1135,Anamur,false,1409,43
33,Mersin,1665,Tarsus,false,2042,59
34,Ýstanbul,2004,Baðcýlar,false,22,4
34,Ýstanbul,1421,Kadýköy,false,259
34,Ýstanbul,1708,Üsküdar,false,35,33
34,Ýstanbul,1823,Küçükçekmece,false,45,1
34,Ýstanbul,1183,Beþiktaþ,false,17,83
34,Ýstanbul,1103,Adalar,false,11,35
34,Ýstanbul,2012,Maltepe,false,54
34,Ýstanbul,1185,Beykoz,false,311,24
34,Ýstanbul,1336,Gaziosmanpaþa,false,11,74
34,Ýstanbul,1604,Sarýyer,false,1766
34,Ýstanbul,1739,Zeytinburnu,false,11,43
34,Ýstanbul,1782,Büyükçekmece,false,163,33
34,Ýstanbul,1186,Beyoðlu,false,8,91
34,Ýstanbul,2005,Bahçelievler,false,16,64
34,Ýstanbul,1810,Kaðýthane,false,14,55
34,Ýstanbul,1852,Ümraniye,false,45,37
34,Ýstanbul,2052,Çekmeköy,false,151,75
34,Ýstanbul,1166,Bakýrköy,false,29,68
34,Ýstanbul,1622,Silivri,false,860,19
34,Ýstanbul,2053,Esenyurt,false,43,1
34,Ýstanbul,2055,Sultangazi,false,36,26
34,Ýstanbul,2015,Tuzla,false,124,48
34,Ýstanbul,1659,Þile,false,783,44
34,Ýstanbul,1327,Fatih,false,16,21
34,Ýstanbul,2049,Ataþehir,false,25,2
34,Ýstanbul,2054,Sancaktepe,false,63,75
34,Ýstanbul,2016,Esenler,false,18,4
34,Ýstanbul,2051,Beylikdüzü,false,38,16
34,Ýstanbul,1886,Bayrampaþa,false,9,62
34,Ýstanbul,2010,Güngören,false,7,26
34,Ýstanbul,1237,Çatalca,false,1134,15
34,Ýstanbul,1325,Eyüpsultan,false,229,4
34,Ýstanbul,1835,Pendik,false,1903
34,Ýstanbul,2050,Baþakþehir,false,104,24
34,Ýstanbul,2014,Sultanbeyli,false,29,1
34,Ýstanbul,1449,Kartal,false,38,54
34,Ýstanbul,2003,Avcýlar,false,50,99
34,Ýstanbul,2048,Arnavutköy,false,483,79
34,Ýstanbul,1663,Þiþli,false,10,72
35,Ýzmir,1563,Ödemiþ,false,1016,55
35,Ýzmir,2018,Güzelbahçe,false,82
35,Ýzmir,1128,Aliaða,false,387,75
35,Ýzmir,1612,Selçuk,false,345,48
35,Ýzmir,1467,Kýnýk,false,494,56
35,Ýzmir,1477,Kiraz,false,552,61
35,Ýzmir,1280,Dikili,false,551,19
35,Ýzmir,2057,Karabaðlar,false,99,5
35,Ýzmir,2006,Balçova,false,21,26
35,Ýzmir,2056,Bayraklý,false,34,27
35,Ýzmir,1203,Bornova,false,230,76
35,Ýzmir,2009,Gaziemir,false,62,53
35,Ýzmir,1334,Foça,false,247,22
35,Ýzmir,1432,Karaburun,false,418,7
35,Ýzmir,1819,Konak,false,24,45
35,Ýzmir,1677,Tire,false,772,48
35,Ýzmir,1251,Çeþme,false,263,82
35,Ýzmir,1780,Buca,false,205,73
35,Ýzmir,1826,Menderes,false,794,93
35,Ýzmir,2007,Çiðli,false,1421
35,Ýzmir,1181,Bergama,false,15476
35,Ýzmir,1682,Torbalý,false,553,25
35,Ýzmir,1448,Karþýyaka,false,51,2
35,Ýzmir,1611,Seferihisar,false,386,7
35,Ýzmir,1703,Urla,false,7155
35,Ýzmir,2013,Narlýdere,false,43,9
35,Ýzmir,1521,Menemen,false,593,23
35,Ýzmir,1776,Beydað,false,170,94
35,Ýzmir,1461,Kemalpaþa,false,637,89
35,Ýzmir,1178,Bayýndýr,false,557,58
36,Kars,1447,Merkez,false,2050,58
36,Kars,1614,Selim,false,1057,3
36,Kars,1756,Akyaka,false,4786
36,Kars,1424,Kaðýzman,false,1809,7
36,Kars,1645,Susuz,false,601,15
36,Kars,1601,Sarýkamýþ,false,2013,94
36,Kars,1279,Digor,false,10674
36,Kars,1149,Arpaçay,false,11763
37,Kastamonu,1845,Þenpazar,false,233,94
37,Kastamonu,1836,Pýnarbaþý,false,569,34
37,Kastamonu,1277,Devrekani,false,693,28
37,Kastamonu,1984,Seydiler,false,219,3
37,Kastamonu,1867,Aðlý,false,234,32
37,Kastamonu,1410,Ýnebolu,false,416,47
37,Kastamonu,1499,Küre,false,412,9
37,Kastamonu,1805,Ýhsangazi,false,475,22
37,Kastamonu,1450,Merkez,false,1858,27
37,Kastamonu,1140,Araç,false,1431,93
37,Kastamonu,1666,Taþköprü,false,1768,14
37,Kastamonu,1162,Azdavay,false,763,61
37,Kastamonu,1208,Bozkurt,false,302,36
37,Kastamonu,1940,Hanönü,false,4253
37,Kastamonu,1221,Cide,false,733,69
37,Kastamonu,1915,Doðanyurt,false,184,73
37,Kastamonu,1238,Çatalzeytin,false,2617
37,Kastamonu,1264,Daday,false,844,61
37,Kastamonu,1101,Abana,false,32,44
37,Kastamonu,1685,Tosya,false,13032
38,Kayseri,1936,Hacýlar,false,164,45
38,Kayseri,1603,Sarýoðlan,false,704,41
38,Kayseri,1605,Sarýz,false,1203,99
38,Kayseri,1864,Melikgazi,false,5995
38,Kayseri,1576,Pýnarbaþý,false,3414,88
38,Kayseri,1727,Yeþilhisar,false,877,87
38,Kayseri,1218,Bünyan,false,1220,75
38,Kayseri,1863,Kocasinan,false,1573,44
38,Kayseri,1275,Develi,false,1920,3
38,Kayseri,1409,Ýncesu,false,807,93
38,Kayseri,1330,Felahiye,false,442,6
38,Kayseri,1680,Tomarza,false,1392,88
38,Kayseri,1978,Özvatan,false,236,96
38,Kayseri,1752,Akkýþla,false,4159
38,Kayseri,1715,Yahyalý,false,1797,87
38,Kayseri,1846,Talas,false,445,12
39,Kýrklareli,1572,Pehlivanköy,false,109,16
39,Kýrklareli,1480,Kofçaz,false,458,21
39,Kýrklareli,1471,Merkez,false,1725,46
39,Kýrklareli,1577,Pýnarhisar,false,585,92
39,Kýrklareli,1163,Babaeski,false,668,53
39,Kýrklareli,1505,Lüleburgaz,false,1033,54
39,Kýrklareli,1270,Demirköy,false,808,37
39,Kýrklareli,1714,Vize,false,1037,78
40,Kýrþehir,1472,Merkez,false,1759,96
40,Kýrþehir,1529,Mucur,false,1040,12
40,Kýrþehir,1254,Çiçekdaðý,false,875,8
40,Kýrþehir,1869,Akçakent,false,355,33
40,Kýrþehir,1890,Boztepe,false,693,31
40,Kýrþehir,1754,Akpýnar,false,548,12
40,Kýrþehir,1429,Kaman,false,1308,7
41,Kocaeli,2030,Derince,false,195,94
41,Kocaeli,1355,Gölcük,false,226,28
41,Kocaeli,1821,Körfez,false,306,4
41,Kocaeli,2060,Darýca,false,23,61
41,Kocaeli,2058,Baþiskele,false,217,17
41,Kocaeli,2062,Ýzmit,false,484,38
41,Kocaeli,1338,Gebze,false,4246
41,Kocaeli,1440,Karamürsel,false,254,46
41,Kocaeli,2063,Kartepe,false,269,14
41,Kocaeli,2059,Çayýrova,false,296
41,Kocaeli,1430,Kandýra,false,854,88
41,Kocaeli,2061,Dilovasý,false,134,85
42,Konya,1933,Güneysýnýr,false,520,18
42,Konya,1868,Ahýrlý,false,376,37
42,Konya,1789,Derebucak,false,582,91
42,Konya,1753,Akören,false,516,81
42,Konya,1760,Altýnekin,false,1194,8
42,Konya,1920,Emirgazi,false,746,17
42,Konya,1994,Yalýhüyük,false,69,61
42,Konya,1375,Hadim,false,1039,24
42,Konya,1188,Beyþehir,false,22046
42,Konya,1207,Bozkýr,false,1185,48
42,Konya,1907,Derbent,false,2827
42,Konya,1222,Cihanbeyli,false,3715,12
42,Konya,1312,Ereðli,false,2275,92
42,Konya,1285,Doðanhisar,false,516,29
42,Konya,1491,Kulu,false,2149,51
42,Konya,1122,Akþehir,false,946,57
42,Konya,1422,Kadýnhaný,false,1715,4
42,Konya,1400,Ilgýn,false,1608,32
42,Konya,1617,Seydiþehir,false,1308,12
42,Konya,1814,Karatay,false,2786,65
42,Konya,1598,Sarayönü,false,1771,72
42,Konya,1839,Selçuklu,false,1894,89
42,Konya,1804,Hüyük,false,547,24
42,Konya,1262,Çumra,false,2051,82
42,Konya,1827,Meram,false,19831
42,Konya,1937,Halkapýnar,false,520,77
42,Konya,1735,Yunak,false,2109,94
42,Konya,1902,Çeltik,false,575,29
42,Konya,1990,Tuzlukçu,false,612,85
42,Konya,1441,Karapýnar,false,2746,17
42,Konya,1848,Taþkent,false,390,21
43,Kütahya,1339,Gediz,false,1243,52
43,Kütahya,1979,Pazarlar,false,130,2
43,Kütahya,1288,Domaniç,false,554,7
43,Kütahya,1132,Altýntaþ,false,9081
43,Kütahya,1898,Çavdarhisar,false,408,89
43,Kütahya,1671,Tavþanlý,false,1877,34
43,Kütahya,1843,Þaphane,false,241,81
43,Kütahya,1802,Hisarcýk,false,365,26
43,Kütahya,1304,Emet,false,952,59
43,Kütahya,1625,Simav,false,1581,47
43,Kütahya,1790,Dumlupýnar,false,280,77
43,Kütahya,1764,Aslanapa,false,684,89
43,Kütahya,1500,Merkez,false,2504,85
44,Malatya,1953,Kale,false,218,32
44,Malatya,1390,Hekimhan,false,1526,81
44,Malatya,1265,Darende,false,1549,61
44,Malatya,1143,Arapgir,false,919,86
44,Malatya,1148,Arguvan,false,1046,27
44,Malatya,1114,Akçadað,false,1099,31
44,Malatya,1995,Yazýhan,false,656,26
44,Malatya,1729,Yeþilyurt,false,977,4
44,Malatya,1772,Battalgazi,false,943,74
44,Malatya,1914,Doðanyol,false,186,46
44,Malatya,1582,Pütürge,false,10798
44,Malatya,1286,Doðanþehir,false,1351,7
44,Malatya,1969,Kuluncak,false,609,69
45,Manisa,1118,Akhisar,false,1680,64
45,Manisa,2086,Þehzadeler,false,531,68
45,Manisa,1965,Köprübaþý,false,452,99
45,Manisa,1590,Salihli,false,1311,5
45,Manisa,2087,Yunusemre,false,751,58
45,Manisa,1613,Selendi,false,733,94
45,Manisa,1634,Soma,false,8002
45,Manisa,1470,Kýrkaðaç,false,579,5
45,Manisa,1606,Saruhanlý,false,826,58
45,Manisa,1127,Alaþehir,false,998,58
45,Manisa,1793,Gölmarmara,false,329,29
45,Manisa,1600,Sarýgöl,false,445,95
45,Manisa,1689,Turgutlu,false,5402
45,Manisa,1751,Ahmetli,false,213,46
45,Manisa,1489,Kula,false,959,62
45,Manisa,1362,Gördes,false,979,52
45,Manisa,1269,Demirci,false,1270,36
46,Kahramanmaraþ,1919,Ekinözü,false,573,86
46,Kahramanmaraþ,1694,Türkoðlu,false,619,94
46,Kahramanmaraþ,1299,Elbistan,false,2387,53
46,Kahramanmaraþ,2084,Dulkadiroðlu,false,1278,98
46,Kahramanmaraþ,2085,Onikiþubat,false,2397,45
46,Kahramanmaraþ,1107,Afþin,false,1548,89
46,Kahramanmaraþ,1136,Andýrýn,false,1173,57
46,Kahramanmaraþ,1975,Nurhak,false,600,32
46,Kahramanmaraþ,1570,Pazarcýk,false,1226,72
46,Kahramanmaraþ,1353,Göksun,false,1817,79
46,Kahramanmaraþ,1785,Çaðlayancerit,false,702,37
47,Mardin,1564,Ömerli,false,414,59
47,Mardin,1273,Derik,false,1446,8
47,Mardin,1547,Nusaybin,false,1100,44
47,Mardin,1526,Midyat,false,1318,49
47,Mardin,1519,Mazýdaðý,false,751,75
47,Mardin,1609,Savur,false,9057
47,Mardin,1474,Kýzýltepe,false,1227,76
47,Mardin,2002,Yeþilli,false,164,15
47,Mardin,2088,Artuklu,false,921,54
47,Mardin,1787,Dargeçit,false,523,24
48,Muðla,1266,Datça,false,416,89
48,Muðla,1742,Dalaman,false,607,99
48,Muðla,1831,Ortaca,false,277,48
48,Muðla,1331,Fethiye,false,949,19
48,Muðla,1719,Yataðan,false,846,17
48,Muðla,1528,Milas,false,1947,6
48,Muðla,1197,Bodrum,false,686,96
48,Muðla,1517,Marmaris,false,956,77
48,Muðla,1488,Köyceðiz,false,1189,17
48,Muðla,1695,Ula,false,484,94
48,Muðla,2090,Seydikemer,false,2026,68
48,Muðla,1958,Kavaklýdere,false,360,95
48,Muðla,2089,Menteþe,false,1695,46
49,Muþ,1213,Bulanýk,false,1915,79
49,Muþ,1534,Merkez,false,2782,6
49,Muþ,1711,Varto,false,1374,36
49,Muþ,1964,Korkut,false,728,44
49,Muþ,1801,Hasköy,false,267,57
49,Muþ,1510,Malazgirt,false,1584,35
50,Nevþehir,1749,Acýgöl,false,439,81
50,Nevþehir,1707,Ürgüp,false,757,68
50,Nevþehir,1367,Gülþehir,false,860,46
50,Nevþehir,1374,Hacýbektaþ,false,677,22
50,Nevþehir,1155,Avanos,false,910,93
50,Nevþehir,1543,Merkez,false,655,39
50,Nevþehir,1485,Kozaklý,false,825,98
50,Nevþehir,1274,Derinkuyu,false,398,83
51,Niðde,1225,Çamardý,false,1137,99
51,Niðde,1700,Ulukýþla,false,1412,93
51,Niðde,1904,Çiftlik,false,461,26
51,Niðde,1201,Bor,false,14177
51,Niðde,1876,Altunhisar,false,514,68
51,Niðde,1544,Merkez,false,2213,75
52,Ordu,1797,Gürgentepe,false,187,44
52,Ordu,1158,Aybastý,false,251,98
52,Ordu,1119,Akkuþ,false,678,92
52,Ordu,1573,Perþembe,false,221,27
52,Ordu,1696,Ulubey,false,297,48
52,Ordu,1897,Çatalpýnar,false,85,27
52,Ordu,1525,Mesudiye,false,986,26
52,Ordu,1795,Gülyalý,false,60,95
52,Ordu,1328,Fatsa,false,363,27
52,Ordu,1706,Ünye,false,569,68
52,Ordu,1358,Gölköy,false,419,49
52,Ordu,1947,Ýkizce,false,165,95
52,Ordu,1493,Kumru,false,277,16
52,Ordu,2103,Altýnordu,false,402,89
52,Ordu,1900,Çaybaþý,false,103,38
52,Ordu,1482,Korgan,false,259,85
52,Ordu,1950,Kabadüz,false,386,2
52,Ordu,1951,Kabataþ,false,83,48
52,Ordu,1891,Çamaþ,false,87,75
53,Rize,1228,Çamlýhemþin,false,7826
53,Rize,1569,Pazar,false,178,62
53,Rize,1146,Ardeþen,false,478,35
53,Rize,1405,Ýkizdere,false,955,28
53,Rize,1796,Güneysu,false,159,71
53,Rize,1332,Fýndýklý,false,369,1
53,Rize,1428,Kalkandere,false,100,61
53,Rize,1241,Çayeli,false,463,74
53,Rize,1586,Merkez,false,2482
53,Rize,1949,Ýyidere,false,28,72
53,Rize,1908,Derepazarý,false,286
53,Rize,1943,Hemþin,false,141,21
54,Sakarya,1818,Kocaali,false,253,99
54,Sakarya,1833,Pamukova,false,316,9
54,Sakarya,1442,Karasu,false,449,68
54,Sakarya,2068,Adapazarý,false,326
54,Sakarya,1123,Akyazý,false,623,73
54,Sakarya,1847,Taraklý,false,270,89
54,Sakarya,1986,Söðütlü,false,145,95
54,Sakarya,1955,Karapürçek,false,135,43
54,Sakarya,2069,Arifiye,false,92,49
54,Sakarya,1925,Ferizli,false,177,5
54,Sakarya,1351,Geyve,false,674,57
54,Sakarya,1595,Sapanca,false,191,15
54,Sakarya,1453,Kaynarca,false,3373
54,Sakarya,1391,Hendek,false,6056
54,Sakarya,2070,Erenler,false,132,12
54,Sakarya,2071,Serdivan,false,124,21
55,Samsun,1386,Havza,false,826,66
55,Samsun,1125,Alaçam,false,6284
55,Samsun,1993,Yakakent,false,205,42
55,Samsun,1838,Salýpazarý,false,349,5
55,Samsun,1676,Terme,false,544,82
55,Samsun,2072,Atakum,false,402,24
55,Samsun,2074,Ýlkadým,false,158,54
"55,Samsun,1830,""19 Mayýs"",false,228,22"
55,Samsun,1763,Asarcýk,false,242,61
55,Samsun,1452,Kavak,false,700,44
55,Samsun,1849,Tekkeköy,false,329,7
55,Samsun,1879,Ayvacýk,false,367,16
55,Samsun,1234,Çarþamba,false,789,7
55,Samsun,1501,Ladik,false,495,83
55,Samsun,2073,Canik,false,2582
55,Samsun,1712,Vezirköprü,false,1684,78
55,Samsun,1164,Bafra,false,1453,26
56,Siirt,1495,Kurtalan,false,799,87
56,Siirt,1620,Merkez,false,642,52
56,Siirt,1575,Pervari,false,1346,34
56,Siirt,1878,Tillo,false,124,59
56,Siirt,1179,Baykan,false,497,21
56,Siirt,1317,Eruh,false,1222,67
56,Siirt,1662,Þirvan,false,9662
57,Sinop,1314,Erfelek,false,416,83
57,Sinop,1910,Dikmen,false,428,49
57,Sinop,1693,Türkeli,false,271,29
57,Sinop,1627,Merkez,false,459,5
57,Sinop,1981,Saraydüzü,false,325,96
57,Sinop,1290,Duraðan,false,915,22
57,Sinop,1204,Boyabat,false,15181
57,Sinop,1156,Ayancýk,false,842,78
57,Sinop,1349,Gerze,false,493,46
58,Sivas,1646,Suþehri,false,978,77
58,Sivas,1282,Divriði,false,2708,19
58,Sivas,1650,Þarkýþla,false,2007,71
58,Sivas,1731,Yýldýzeli,false,2506,71
58,Sivas,1407,Ýmranlý,false,1241,92
58,Sivas,1342,Gemerek,false,1309,6
58,Sivas,1738,Zara,false,2461,73
58,Sivas,1431,Kangal,false,3314,46
58,Sivas,1875,Altýnyayla,false,599,51
58,Sivas,1870,Akýncýlar,false,414,32
58,Sivas,1628,Merkez,false,3567,13
58,Sivas,1484,Koyulhisar,false,1001,4
58,Sivas,1373,Gürün,false,2546,36
58,Sivas,1376,Hafik,false,1754,77
58,Sivas,1991,Ulaþ,false,1174,46
58,Sivas,1927,Gölova,false,314,57
58,Sivas,1913,Doðanþar,false,425,6
59,Tekirdað,1250,Çerkezköy,false,116,29
59,Tekirdað,1538,Muratlý,false,398,34
59,Tekirdað,1596,Saray,false,696,86
59,Tekirdað,1511,Malkara,false,1208,79
59,Tekirdað,2096,Süleymanpaþa,false,1082,84
59,Tekirdað,1388,Hayrabolu,false,999,36
59,Tekirdað,1825,Marmaraereðlisi,false,194,78
59,Tekirdað,2094,Ergene,false,422,55
59,Tekirdað,1652,Þarköy,false,514,49
59,Tekirdað,1258,Çorlu,false,409,13
59,Tekirdað,2095,Kapaklý,false,195,2
60,Tokat,1151,Artova,false,419,97
60,Tokat,1308,Erbaa,false,1208,15
60,Tokat,1740,Zile,false,1516,93
60,Tokat,1129,Almus,false,1113,54
60,Tokat,1690,Turhal,false,956,64
60,Tokat,1883,Baþçiftlik,false,178,83
60,Tokat,1858,Yeþilyurt,false,295,34
60,Tokat,1679,Merkez,false,1938,7
60,Tokat,1987,Sulusaray,false,283,88
60,Tokat,1834,Pazar,false,216,39
60,Tokat,1545,Niksar,false,980,24
60,Tokat,1584,Reþadiye,false,10565
61,Trabzon,1681,Tonya,false,200,81
61,Trabzon,1548,Of,false,246,16
61,Trabzon,1150,Arsin,false,157,41
61,Trabzon,1775,Beþikdüzü,false,81,98
61,Trabzon,1647,Sürmene,false,201,59
61,Trabzon,2097,Ortahisar,false,236,32
61,Trabzon,1966,Köprübaþý,false,153,12
61,Trabzon,1244,Çaykara,false,592,65
61,Trabzon,1842,Þalpazarý,false,197,92
61,Trabzon,1507,Maçka,false,831,75
61,Trabzon,1909,Dernekpazarý,false,73,72
61,Trabzon,1896,Çarþýbaþý,false,65,99
61,Trabzon,1141,Araklý,false,478,51
61,Trabzon,1942,Hayrat,false,259,53
61,Trabzon,1917,Düzköy,false,166,16
61,Trabzon,1113,Akçaabat,false,376,44
61,Trabzon,1709,Vakfýkebir,false,154,81
61,Trabzon,1732,Yomra,false,193,35
62,Tunceli,1581,Pülümür,false,1448,95
62,Tunceli,1562,Ovacýk,false,1593,98
62,Tunceli,1688,Merkez,false,1136,14
62,Tunceli,1518,Mazgirt,false,689,98
62,Tunceli,1541,Nazýmiye,false,559,51
62,Tunceli,1247,Çemiþgezek,false,851,92
62,Tunceli,1574,Pertek,false,8685
62,Tunceli,1397,Hozat,false,681,16
63,Þanlýurfa,1393,Hilvan,false,1127,92
63,Þanlýurfa,1713,Viranþehir,false,2042,74
63,Þanlýurfa,1643,Suruç,false,735,24
63,Þanlýurfa,2091,Eyyübiye,false,15409
63,Þanlýurfa,1630,Siverek,false,3925,12
63,Þanlýurfa,1115,Akçakale,false,1053,66
63,Þanlýurfa,2092,Haliliye,false,1882,74
63,Þanlýurfa,1194,Birecik,false,874,84
63,Þanlýurfa,1800,Harran,false,8895
63,Þanlýurfa,2093,Karaköprü,false,1210,9
63,Þanlýurfa,1220,Ceylanpýnar,false,2018,6
63,Þanlýurfa,1209,Bozova,false,1318,43
63,Þanlýurfa,1378,Halfeti,false,656,8
64,Uþak,1704,Merkez,false,1674,66
64,Uþak,1170,Banaz,false,1153,74
64,Uþak,1697,Ulubey,false,818,85
64,Uþak,1436,Karahallý,false,330,74
64,Uþak,1629,Sivaslý,false,518,94
64,Uþak,1323,Eþme,false,11272
65,Van,1918,Edremit,false,343,37
65,Van,1770,Bahçesaray,false,489,44
65,Van,1350,Gevaþ,false,1452,1
65,Van,1533,Muradiye,false,916,46
65,Van,2099,Tuþba,false,1901,84
65,Van,1565,Özalp,false,1401,13
65,Van,1309,Erciþ,false,2175,42
65,Van,1175,Baþkale,false,2724,65
65,Van,1236,Çatak,false,1959,28
65,Van,1980,Saray,false,9038
65,Van,1372,Gürpýnar,false,4076,4
65,Van,1786,Çaldýran,false,1371,33
65,Van,2098,Ýpekyolu,false,991,23
66,Yozgat,1245,Çekerek,false,778,25
66,Yozgat,1733,Merkez,false,2059,33
66,Yozgat,1117,Akdaðmadeni,false,1748,14
66,Yozgat,1655,Þefaatli,false,893,74
66,Yozgat,1998,Yenifakýlý,false,369,21
66,Yozgat,1952,Kadýþehri,false,450,61
66,Yozgat,1635,Sorgun,false,1760,13
66,Yozgat,1726,Yerköy,false,1206,33
66,Yozgat,1198,Boðazlýyan,false,1435,97
66,Yozgat,1877,Aydýncýk,false,345,53
66,Yozgat,1982,Saraykent,false,3191
66,Yozgat,1602,Sarýkaya,false,1103,69
66,Yozgat,1242,Çayýralan,false,809,37
66,Yozgat,1895,Çandýr,false,167,34
67,Zonguldak,1926,Gökçebey,false,1631
67,Zonguldak,1741,Merkez,false,290,69
67,Zonguldak,2100,Kilimli,false,109,11
67,Zonguldak,1758,Alaplý,false,4688
67,Zonguldak,2101,Kozlu,false,184,63
67,Zonguldak,1313,Ereðli,false,721,81
67,Zonguldak,1276,Devrek,false,940,42
67,Zonguldak,1240,Çaycuma,false,513,94
68,Aksaray,1120,Merkez,false,3216,92
68,Aksaray,1921,Eskil,false,2006,14
68,Aksaray,1866,Sarýyahþi,false,230,96
68,Aksaray,2106,Sultanhaný,false,450,31
68,Aksaray,1557,Ortaköy,false,738,4
68,Aksaray,1860,Aðaçören,false,467,47
68,Aksaray,1932,Gülaðaç,false,397,94
68,Aksaray,1861,Güzelyurt,false,287,32
69,Bayburt,1767,Aydýntepe,false,408,55
69,Bayburt,1176,Merkez,false,2744,94
69,Bayburt,1788,Demirözü,false,558,59
70,Karaman,1884,Baþyayla,false,153,42
70,Karaman,1316,Ermenek,false,1179,16
70,Karaman,1439,Merkez,false,4267,24
70,Karaman,1862,Kazýmkarabekir,false,400,51
70,Karaman,1768,Ayrancý,false,2221,93
70,Karaman,1983,Sarýveliler,false,475,79
71,Kýrýkkale,1463,Keskin,false,1123,54
71,Kýrýkkale,1880,Bahþýlý,false,268,68
71,Kýrýkkale,1992,Yahþihan,false,321,74
71,Kýrýkkale,1469,Merkez,false,4708
71,Kýrýkkale,1268,Delice,false,930,88
71,Kýrýkkale,1638,Sulakyurt,false,633,82
71,Kýrýkkale,1901,Çelebi,false,198,5
71,Kýrýkkale,1882,Balýþeyh,false,650,38
71,Kýrýkkale,1954,Karakeçili,false,1536
72,Batman,1607,Sason,false,7053
72,Batman,1487,Kozluk,false,1067,7
72,Batman,1941,Hasankeyf,false,324,4
72,Batman,1174,Merkez,false,653,1
72,Batman,1345,Gercüþ,false,936,1
72,Batman,1184,Beþiri,false,819,22
73,Þýrnak,1403,Ýdil,false,1134,64
73,Þýrnak,1698,Uludere,false,845,39
73,Þýrnak,1189,Beytüþþebap,false,1650,55
73,Þýrnak,1931,Güçlükonak,false,465,9
73,Þýrnak,1223,Cizre,false,467,16
73,Þýrnak,1623,Silopi,false,777,78
73,Þýrnak,1661,Merkez,false,1822,16
74,Bartýn,1172,Merkez,false,1034,6
74,Bartýn,1496,Kurucaþile,false,165,57
74,Bartýn,1701,Ulus,false,897,41
74,Bartýn,1761,Amasra,false,178,22
75,Ardahan,2008,Damal,false,255,37
75,Ardahan,1380,Hanak,false,648,52
75,Ardahan,1252,Çýldýr,false,867,51
75,Ardahan,1356,Göle,false,1187,93
75,Ardahan,1579,Posof,false,615,89
75,Ardahan,1144,Merkez,false,1382,12
76,Iðdýr,1142,Aralýk,false,808,91
76,Iðdýr,1398,Merkez,false,1209,96
76,Iðdýr,1692,Tuzluca,false,1269,83
76,Iðdýr,2011,Karakoyunlu,false,361,68
77,Yalova,2026,Termal,false,49,32
77,Yalova,2020,Armutlu,false,172,15
77,Yalova,2019,Altýnova,false,112,18
77,Yalova,2021,Çýnarcýk,false,163,93
77,Yalova,1716,Merkez,false,149,1
77,Yalova,2022,Çiftlikköy,false,1435
78,Karabük,1433,Merkez,false,718,64
78,Karabük,1321,Eskipazar,false,682,46
78,Karabük,1296,Eflani,false,6498
78,Karabük,1561,Ovacýk,false,419,98
78,Karabük,1587,Safranbolu,false,779,93
78,Karabük,1856,Yenice,false,771,7
79,Kilis,2025,Polateli,false,228,88
79,Kilis,1476,Merkez,false,806,97
79,Kilis,2024,Musabeyli,false,341,16
79,Kilis,2023,Elbeyli,false,184
80,Osmaniye,2029,Toprakkale,false,102,41
80,Osmaniye,1165,Bahçe,false,225,19
80,Osmaniye,1743,Düziçi,false,609,53
80,Osmaniye,1560,Merkez,false,826,43
80,Osmaniye,2028,Sumbas,false,397,4
80,Osmaniye,1423,Kadirli,false,1015,29
80,Osmaniye,2027,Hasanbeyli,false,164,49
81,Düzce,1794,Gölyaka,false,170,28
81,Düzce,1784,Cumayeri,false,92,52
81,Düzce,2017,Gümüþova,false,129,82
81,Düzce,1292,Merkez,false,700,9
81,Düzce,1905,Çilimli,false,90,42
81,Düzce,1730,Yýðýlca,false,669,57
81,Düzce,2031,Kaynaþlý,false,210,39
81,Düzce,1116,Akçakoca,false,411,61
